{
    "Batch Size Impact": {
        "1": 3846.2915413395936,
        "2": 5000.362422508345,
        "3": 4999.4087918375135,
        "4": 4545.488436612697,
        "5": 5001.197147831064,
        "6": 4872.451848237727,
        "7": 5000.362422508345,
        "8": 5000.243198779238
    },
    "Inference Interval Impact": {
        "0.03": 4545.9810977195875,
        "0.04": 5000.958626445689,
        "0.05": 5000.243198779238,
        "0.067": 4820.928254522884,
        "0.08": 4545.389917204907,
        "0.1": 4545.291402067665
    },
    "Inference Scale Impact": {
        "0.3": 2499.912980247708,
        "0.4": 2273.0890960329502,
        "0.5": 5555.81105783241,
        "0.6": 1946.9994058229352,
        "0.7": 1239.436886088817,
        "0.8": 1136.3721091531743,
        "0.9": 1111.1033404858406,
        "1.0": 1450.7339614549178
    }
}